<?xml version="1.0" encoding="UTF-8"?>
<project-private xmlns="http://www.netbeans.org/ns/project-private/1">
    <editor-bookmarks xmlns="http://www.netbeans.org/ns/editor-bookmarks/2" lastBookmarkId="0"/>
    <open-files xmlns="http://www.netbeans.org/ns/projectui-open-files/2">
        <group>
            <file>file:/F:/Libraries/Documents/Session%202015%20-%20Automne/GLO-2004/Projet/Source/SimulatHeure/src/simulatheure/SimTimer.java</file>
            <file>file:/F:/Libraries/Documents/Session%202015%20-%20Automne/GLO-2004/Projet/Source/SimulatHeure/src/simulatheure/SimulatHeure.java</file>
            <file>file:/F:/Libraries/Documents/Session%202015%20-%20Automne/GLO-2004/Projet/Source/SimulatHeure/src/simulatheure/TimeJSpinner.java</file>
            <file>file:/F:/Libraries/Documents/Session%202015%20-%20Automne/GLO-2004/Projet/Source/SimulatHeure/src/simulatheure/Simulation.java</file>
            <file>file:/F:/Libraries/Documents/Session%202015%20-%20Automne/GLO-2004/Projet/Source/SimulatHeure/src/simulatheure/SimDisplay.java</file>
        </group>
    </open-files>
</project-private>
