<?xml version="1.0" encoding="UTF-8"?>
<project-private xmlns="http://www.netbeans.org/ns/project-private/1">
    <editor-bookmarks xmlns="http://www.netbeans.org/ns/editor-bookmarks/2" lastBookmarkId="0"/>
    <open-files xmlns="http://www.netbeans.org/ns/projectui-open-files/2">
        <group>
            <file>file:/C:/Users/rem54/Google%20Drive/Génie%20logiciel%20orienté%20objet/glo-2004/Source/SimulatHeure/src/simulatheure/SimulatHeure.java</file>
            <file>file:/C:/Users/rem54/Google%20Drive/Génie%20logiciel%20orienté%20objet/glo-2004/Source/SimulatHeure/nbproject/build-impl.xml</file>
            <file>file:/C:/Users/rem54/Google%20Drive/Génie%20logiciel%20orienté%20objet/glo-2004/Source/SimulatHeure/src/Reseau/Line.java</file>
            <file>file:/C:/Users/rem54/Google%20Drive/Génie%20logiciel%20orienté%20objet/glo-2004/Source/SimulatHeure/src/Reseau/Node.java</file>
            <file>file:/C:/Users/rem54/Google%20Drive/Génie%20logiciel%20orienté%20objet/glo-2004/Source/SimulatHeure/src/Reseau/Passenger.java</file>
            <file>file:/C:/Users/rem54/Google%20Drive/Génie%20logiciel%20orienté%20objet/glo-2004/Source/SimulatHeure/src/simulatheure/SimTimer.java</file>
            <file>file:/C:/Users/rem54/Google%20Drive/Génie%20logiciel%20orienté%20objet/glo-2004/Source/SimulatHeure/src/simulatheure/Simulation.java</file>
            <file>file:/C:/Users/rem54/Google%20Drive/Génie%20logiciel%20orienté%20objet/glo-2004/Source/SimulatHeure/src/Reseau/Directions.java</file>
            <file>file:/C:/Users/rem54/Google%20Drive/Génie%20logiciel%20orienté%20objet/glo-2004/Source/SimulatHeure/src/simulatheure/SimDisplay.java</file>
            <file>file:/C:/Users/rem54/Google%20Drive/Génie%20logiciel%20orienté%20objet/glo-2004/Source/SimulatHeure/src/Reseau/Route.java</file>
            <file>file:/C:/Users/rem54/Google%20Drive/Génie%20logiciel%20orienté%20objet/glo-2004/Source/SimulatHeure/src/Reseau/Bus.java</file>
        </group>
    </open-files>
</project-private>
